id,system,risk,category,likelihood,impact,controls,residual_likelihood,residual_impact,owner,nist_function,eu_ai_act_ref
R01,A,Confabulated (made-up) policy answer leads staff to follow the wrong procedure,Confabulation,3,4,Retrieval grounding with citations; 'not found' response; link to source policy; quarterly evaluation set,2,3,AI product owner,MEASURE,Good practice
R02,A,Staff don't realise answers are AI-generated and over-trust them,Human-AI configuration,3,3,AI disclosure in the interface; short training on limits; feedback button,1,3,AI product owner,GOVERN,Art. 50(1); Art. 4
R03,A,Personal or patient data typed into prompts reaches the model vendor,Data privacy,3,4,No-patient-data rule; PII detection before sending; data processing agreement; DPIA,2,3,Data protection officer,MANAGE,GDPR Art. 35
R04,A,Prompt injection hidden in an indexed document changes the assistant's behaviour,Information security,2,4,Curated corpus with document owners; documents passed as data; assistant has no tools or write access,1,3,Information security lead,MANAGE,Good practice
R05,A,Out-of-date policy retrieved and presented as current,Information integrity,3,3,Document owners and review dates; re-index on change; show document date in answers,2,2,Document control,MANAGE,Good practice
R06,A,Vendor model update silently changes answer quality,Value chain and component integration,3,3,Pin model version; run evaluation set before any model change; vendor change notices,2,2,AI product owner,MEASURE,Art. 53 (vendor side)
R07,A,Biased or inconsistent answers on HR policies for different groups of staff,Harmful bias and homogenization,2,3,HR scenario tests in the evaluation set; human review of flagged answers,1,3,HR lead,MEASURE,Good practice
R08,A,Logs too thin to investigate a complaint or incident,Governance,3,3,Log question; retrieved sources; answer; model version; 6-month retention,1,2,IT operations,GOVERN,Art. 12 (voluntary analogue)
R09,B,Triage assistant under-estimates urgency and a patient is harmed,Confabulation,3,5,No deployment without MDR conformity assessment; nurse makes the decision; conservative thresholds; clinical validation study,2,5,Medical director,MAP,Art. 9; Art. 14; Art. 15; MDR
R10,B,Accuracy is lower for some patient groups (age; language; rare conditions),Harmful bias and homogenization,3,5,Representative training and test data; subgroup performance reporting; post-market monitoring,2,4,Clinical AI lead,MEASURE,Art. 10; Art. 15; Art. 72
R11,B,Automation bias: nurses accept suggestions without independent assessment,Human-AI configuration,4,4,Show reasons and confidence; independent assessment step; audit override rates,2,4,Head of emergency nursing,MANAGE,Art. 14; Art. 26
R12,Org,AI tools used without inventory or approval (shadow AI),Governance,4,3,AI system inventory; procurement gate; acceptable-use policy; AI literacy training,2,2,Chief information officer,GOVERN,Art. 4; Art. 26
